source,target,type,provenance
sub_001,sub_016,grid,inferred
sub_001,sub_063,grid,inferred
sub_001,sub_109,grid,inferred
sub_001,sub_121,grid,inferred
sub_002,sub_082,grid,inferred
sub_002,sub_086,grid,inferred
sub_002,sub_087,grid,inferred
sub_003,sub_004,grid,inferred
sub_003,sub_005,grid,inferred
sub_003,sub_141,grid,inferred
sub_003,sub_166,grid,inferred
sub_004,sub_005,grid,inferred
sub_004,sub_141,grid,inferred
sub_004,sub_166,grid,inferred
sub_005,sub_141,grid,inferred
sub_006,sub_079,grid,inferred
sub_006,sub_093,grid,inferred
sub_006,sub_135,grid,inferred
sub_006,sub_136,grid,inferred
sub_006,sub_137,grid,inferred
sub_007,sub_052,grid,inferred
sub_007,sub_061,grid,inferred
sub_007,sub_095,grid,inferred
sub_008,sub_032,grid,inferred
sub_008,sub_073,grid,inferred
sub_008,sub_083,grid,inferred
sub_008,sub_156,grid,inferred
sub_008,sub_167,grid,inferred
sub_009,sub_076,grid,inferred
sub_009,sub_133,grid,inferred
sub_009,sub_169,grid,inferred
sub_009,sub_170,grid,inferred
sub_010,sub_033,grid,inferred
sub_010,sub_084,grid,inferred
sub_010,sub_118,grid,inferred
sub_010,sub_119,grid,inferred
sub_010,sub_121,grid,inferred
sub_011,sub_050,grid,inferred
sub_011,sub_073,grid,inferred
sub_011,sub_156,grid,inferred
sub_011,sub_157,grid,inferred
sub_012,sub_048,grid,inferred
sub_012,sub_049,grid,inferred
sub_012,sub_065,grid,inferred
sub_012,sub_068,grid,inferred
sub_012,sub_120,grid,inferred
sub_012,sub_161,grid,inferred
sub_013,sub_014,grid,inferred
sub_013,sub_017,grid,inferred
sub_013,sub_041,grid,inferred
sub_013,sub_066,grid,inferred
sub_013,sub_186,grid,inferred
sub_014,sub_017,grid,inferred
sub_014,sub_041,grid,inferred
sub_014,sub_066,grid,inferred
sub_014,sub_186,grid,inferred
sub_015,sub_027,grid,inferred
sub_015,sub_038,grid,inferred
sub_015,sub_149,grid,inferred
sub_015,sub_154,grid,inferred
sub_016,sub_063,grid,inferred
sub_016,sub_074,grid,inferred
sub_016,sub_109,grid,inferred
sub_016,sub_144,grid,inferred
sub_017,sub_042,grid,inferred
sub_017,sub_186,grid,inferred
sub_018,sub_027,grid,inferred
sub_018,sub_060,grid,inferred
sub_018,sub_131,grid,inferred
sub_018,sub_132,grid,inferred
sub_019,sub_021,grid,inferred
sub_019,sub_026,grid,inferred
sub_019,sub_051,grid,inferred
sub_019,sub_178,grid,inferred
sub_019,sub_183,grid,inferred
sub_020,sub_058,grid,inferred
sub_020,sub_062,grid,inferred
sub_020,sub_098,grid,inferred
sub_020,sub_099,grid,inferred
sub_020,sub_107,grid,inferred
sub_021,sub_026,grid,inferred
sub_021,sub_183,grid,inferred
sub_022,sub_023,grid,inferred
sub_022,sub_099,grid,inferred
sub_022,sub_104,grid,inferred
sub_022,sub_117,grid,inferred
sub_023,sub_104,grid,inferred
sub_023,sub_105,grid,inferred
sub_023,sub_117,grid,inferred
sub_024,sub_094,grid,inferred
sub_024,sub_159,grid,inferred
sub_024,sub_163,grid,inferred
sub_024,sub_188,grid,inferred
sub_025,sub_071,grid,inferred
sub_025,sub_090,grid,inferred
sub_025,sub_123,grid,inferred
sub_026,sub_051,grid,inferred
sub_027,sub_060,grid,inferred
sub_027,sub_132,grid,inferred
sub_027,sub_149,grid,inferred
sub_028,sub_097,grid,inferred
sub_028,sub_161,grid,inferred
sub_028,sub_172,grid,inferred
sub_029,sub_150,grid,inferred
sub_029,sub_165,grid,inferred
sub_029,sub_173,grid,inferred
sub_030,sub_038,grid,inferred
sub_030,sub_153,grid,inferred
sub_030,sub_155,grid,inferred
sub_031,sub_124,grid,inferred
sub_031,sub_151,grid,inferred
sub_031,sub_158,grid,inferred
sub_032,sub_034,grid,inferred
sub_032,sub_035,grid,inferred
sub_032,sub_050,grid,inferred
sub_033,sub_118,grid,inferred
sub_033,sub_181,grid,inferred
sub_034,sub_035,grid,inferred
sub_034,sub_110,grid,inferred
sub_034,sub_139,grid,inferred
sub_034,sub_140,grid,inferred
sub_035,sub_139,grid,inferred
sub_035,sub_140,grid,inferred
sub_036,sub_055,grid,inferred
sub_036,sub_106,grid,inferred
sub_036,sub_111,grid,inferred
sub_036,sub_113,grid,inferred
sub_037,sub_039,grid,inferred
sub_037,sub_053,grid,inferred
sub_037,sub_075,grid,inferred
sub_037,sub_114,grid,inferred
sub_038,sub_154,grid,inferred
sub_038,sub_155,grid,inferred
sub_038,sub_188,grid,inferred
sub_039,sub_053,grid,inferred
sub_039,sub_114,grid,inferred
sub_040,sub_042,grid,inferred
sub_040,sub_044,grid,inferred
sub_040,sub_086,grid,inferred
sub_041,sub_045,grid,inferred
sub_041,sub_066,grid,inferred
sub_042,sub_059,grid,inferred
sub_043,sub_052,grid,inferred
sub_043,sub_059,grid,inferred
sub_043,sub_095,grid,inferred
sub_044,sub_086,grid,inferred
sub_044,sub_087,grid,inferred
sub_045,sub_067,grid,inferred
sub_045,sub_176,grid,inferred
sub_045,sub_187,grid,inferred
sub_046,sub_064,grid,inferred
sub_046,sub_084,grid,inferred
sub_046,sub_088,grid,inferred
sub_046,sub_128,grid,inferred
sub_046,sub_189,grid,inferred
sub_047,sub_054,grid,inferred
sub_047,sub_100,grid,inferred
sub_047,sub_130,grid,inferred
sub_048,sub_049,grid,inferred
sub_048,sub_068,grid,inferred
sub_049,sub_068,grid,inferred
sub_050,sub_110,grid,inferred
sub_051,sub_121,grid,inferred
sub_051,sub_178,grid,inferred
sub_052,sub_059,grid,inferred
sub_052,sub_061,grid,inferred
sub_052,sub_095,grid,inferred
sub_053,sub_078,grid,inferred
sub_053,sub_122,grid,inferred
sub_054,sub_100,grid,inferred
sub_054,sub_130,grid,inferred
sub_055,sub_106,grid,inferred
sub_055,sub_111,grid,inferred
sub_055,sub_113,grid,inferred
sub_055,sub_164,grid,inferred
sub_056,sub_057,grid,inferred
sub_056,sub_077,grid,inferred
sub_056,sub_116,grid,inferred
sub_056,sub_169,grid,inferred
sub_056,sub_170,grid,inferred
sub_057,sub_153,grid,inferred
sub_057,sub_170,grid,inferred
sub_058,sub_062,grid,inferred
sub_058,sub_098,grid,inferred
sub_058,sub_107,grid,inferred
sub_059,sub_095,grid,inferred
sub_060,sub_148,grid,inferred
sub_061,sub_176,grid,inferred
sub_062,sub_107,grid,inferred
sub_063,sub_144,grid,inferred
sub_064,sub_127,grid,inferred
sub_064,sub_128,grid,inferred
sub_064,sub_189,grid,inferred
sub_065,sub_068,grid,inferred
sub_065,sub_120,grid,inferred
sub_065,sub_161,grid,inferred
sub_067,sub_069,grid,inferred
sub_067,sub_125,grid,inferred
sub_067,sub_162,grid,inferred
sub_067,sub_187,grid,inferred
sub_068,sub_120,grid,inferred
sub_069,sub_125,grid,inferred
sub_069,sub_184,grid,inferred
sub_069,sub_187,grid,inferred
sub_070,sub_072,grid,inferred
sub_070,sub_101,grid,inferred
sub_070,sub_106,grid,inferred
sub_070,sub_138,grid,inferred
sub_071,sub_090,grid,inferred
sub_071,sub_123,grid,inferred
sub_072,sub_092,grid,inferred
sub_072,sub_101,grid,inferred
sub_073,sub_156,grid,inferred
sub_073,sub_157,grid,inferred
sub_074,sub_105,grid,inferred
sub_074,sub_109,grid,inferred
sub_075,sub_085,grid,inferred
sub_075,sub_114,grid,inferred
sub_075,sub_122,grid,inferred
sub_075,sub_148,grid,inferred
sub_075,sub_185,grid,inferred
sub_076,sub_169,grid,inferred
sub_076,sub_170,grid,inferred
sub_077,sub_116,grid,inferred
sub_077,sub_183,grid,inferred
sub_078,sub_122,grid,inferred
sub_078,sub_133,grid,inferred
sub_079,sub_093,grid,inferred
sub_079,sub_136,grid,inferred
sub_079,sub_143,grid,inferred
sub_080,sub_126,grid,inferred
sub_080,sub_143,grid,inferred
sub_080,sub_146,grid,inferred
sub_080,sub_151,grid,inferred
sub_080,sub_177,grid,inferred
sub_081,sub_089,grid,inferred
sub_081,sub_098,grid,inferred
sub_081,sub_107,grid,inferred
sub_081,sub_108,grid,inferred
sub_082,sub_087,grid,inferred
sub_082,sub_090,grid,inferred
sub_082,sub_123,grid,inferred
sub_083,sub_156,grid,inferred
sub_083,sub_167,grid,inferred
sub_083,sub_182,grid,inferred
sub_084,sub_119,grid,inferred
sub_085,sub_148,grid,inferred
sub_085,sub_160,grid,inferred
sub_085,sub_185,grid,inferred
sub_086,sub_087,grid,inferred
sub_088,sub_178,grid,inferred
sub_088,sub_189,grid,inferred
sub_089,sub_108,grid,inferred
sub_089,sub_133,grid,inferred
sub_090,sub_123,grid,inferred
sub_091,sub_115,grid,inferred
sub_091,sub_134,grid,inferred
sub_091,sub_137,grid,inferred
sub_092,sub_103,grid,inferred
sub_092,sub_138,grid,inferred
sub_093,sub_135,grid,inferred
sub_093,sub_136,grid,inferred
sub_093,sub_137,grid,inferred
sub_094,sub_159,grid,inferred
sub_094,sub_190,grid,inferred
sub_095,sub_160,grid,inferred
sub_096,sub_141,grid,inferred
sub_096,sub_152,grid,inferred
sub_096,sub_175,grid,inferred
sub_096,sub_180,grid,inferred
sub_097,sub_125,grid,inferred
sub_097,sub_162,grid,inferred
sub_097,sub_172,grid,inferred
sub_098,sub_099,grid,inferred
sub_098,sub_107,grid,inferred
sub_099,sub_107,grid,inferred
sub_100,sub_104,grid,inferred
sub_100,sub_130,grid,inferred
sub_101,sub_130,grid,inferred
sub_102,sub_103,grid,inferred
sub_102,sub_145,grid,inferred
sub_102,sub_165,grid,inferred
sub_103,sub_138,grid,inferred
sub_103,sub_145,grid,inferred
sub_105,sub_117,grid,inferred
sub_106,sub_111,grid,inferred
sub_106,sub_113,grid,inferred
sub_108,sub_133,grid,inferred
sub_109,sub_144,grid,inferred
sub_110,sub_112,grid,inferred
sub_111,sub_112,grid,inferred
sub_112,sub_139,grid,inferred
sub_112,sub_164,grid,inferred
sub_113,sub_164,grid,inferred
sub_114,sub_160,grid,inferred
sub_115,sub_134,grid,inferred
sub_115,sub_137,grid,inferred
sub_116,sub_169,grid,inferred
sub_116,sub_183,grid,inferred
sub_117,sub_144,grid,inferred
sub_118,sub_181,grid,inferred
sub_119,sub_121,grid,inferred
sub_120,sub_161,grid,inferred
sub_121,sub_166,grid,inferred
sub_122,sub_148,grid,inferred
sub_124,sub_151,grid,inferred
sub_124,sub_158,grid,inferred
sub_125,sub_162,grid,inferred
sub_125,sub_184,grid,inferred
sub_126,sub_143,grid,inferred
sub_126,sub_151,grid,inferred
sub_127,sub_128,grid,inferred
sub_127,sub_129,grid,inferred
sub_127,sub_134,grid,inferred
sub_127,sub_189,grid,inferred
sub_128,sub_129,grid,inferred
sub_128,sub_189,grid,inferred
sub_129,sub_134,grid,inferred
sub_131,sub_132,grid,inferred
sub_131,sub_149,grid,inferred
sub_132,sub_149,grid,inferred
sub_135,sub_136,grid,inferred
sub_138,sub_145,grid,inferred
sub_139,sub_140,grid,inferred
sub_139,sub_168,grid,inferred
sub_140,sub_168,grid,inferred
sub_141,sub_152,grid,inferred
sub_141,sub_180,grid,inferred
sub_142,sub_163,grid,inferred
sub_142,sub_188,grid,inferred
sub_142,sub_190,grid,inferred
sub_143,sub_177,grid,inferred
sub_146,sub_159,grid,inferred
sub_146,sub_177,grid,inferred
sub_147,sub_150,grid,inferred
sub_147,sub_173,grid,inferred
sub_147,sub_174,grid,inferred
sub_147,sub_179,grid,inferred
sub_150,sub_173,grid,inferred
sub_150,sub_174,grid,inferred
sub_150,sub_179,grid,inferred
sub_151,sub_158,grid,inferred
sub_152,sub_175,grid,inferred
sub_152,sub_180,grid,inferred
sub_152,sub_181,grid,inferred
sub_153,sub_154,grid,inferred
sub_153,sub_155,grid,inferred
sub_153,sub_171,grid,inferred
sub_154,sub_171,grid,inferred
sub_155,sub_171,grid,inferred
sub_156,sub_157,grid,inferred
sub_159,sub_190,grid,inferred
sub_160,sub_185,grid,inferred
sub_161,sub_172,grid,inferred
sub_162,sub_184,grid,inferred
sub_163,sub_188,grid,inferred
sub_163,sub_190,grid,inferred
sub_164,sub_165,grid,inferred
sub_165,sub_173,grid,inferred
sub_167,sub_182,grid,inferred
sub_168,sub_182,grid,inferred
sub_169,sub_170,grid,inferred
sub_174,sub_179,grid,inferred
sub_175,sub_180,grid,inferred
sub_176,sub_187,grid,inferred
sub_178,sub_183,grid,inferred
sub_188,sub_190,grid,inferred
sub_181,hosp_001,supply,inferred
sub_129,hosp_002,supply,inferred
sub_105,hosp_003,supply,inferred
sub_064,hosp_004,supply,inferred
sub_166,hosp_005,supply,inferred
sub_119,hosp_006,supply,inferred
sub_050,hosp_007,supply,inferred
sub_105,hosp_008,supply,inferred
sub_122,hosp_009,supply,inferred
sub_078,hosp_010,supply,inferred
sub_181,hosp_011,supply,inferred
sub_071,hosp_012,supply,inferred
sub_071,hosp_013,supply,inferred
sub_105,hosp_014,supply,inferred
sub_123,hosp_015,supply,inferred
sub_063,hosp_016,supply,inferred
sub_011,hosp_017,supply,inferred
sub_159,hosp_018,supply,inferred
sub_074,hosp_019,supply,inferred
sub_105,hosp_020,supply,inferred
sub_111,hosp_021,supply,inferred
sub_040,hosp_022,supply,inferred
sub_190,hosp_023,supply,inferred
sub_098,hosp_024,supply,inferred
sub_047,hosp_025,supply,inferred
sub_081,hosp_026,supply,inferred
sub_023,hosp_027,supply,inferred
sub_024,hosp_028,supply,inferred
sub_002,hosp_029,supply,inferred
sub_101,hosp_030,supply,inferred
sub_101,hosp_031,supply,inferred
sub_079,hosp_032,supply,inferred
sub_154,hosp_033,supply,inferred
sub_164,hosp_034,supply,inferred
sub_011,hosp_035,supply,inferred
sub_082,hosp_036,supply,inferred
sub_008,hosp_037,supply,inferred
sub_094,hosp_038,supply,inferred
sub_190,hosp_039,supply,inferred
sub_076,hosp_040,supply,inferred
sub_158,hosp_041,supply,inferred
sub_117,hosp_042,supply,inferred
sub_023,hosp_043,supply,inferred
sub_020,hosp_044,supply,inferred
sub_176,hosp_045,supply,inferred
sub_138,hosp_046,supply,inferred
sub_113,hosp_047,supply,inferred
sub_113,hosp_048,supply,inferred
sub_066,hosp_049,supply,inferred
sub_049,hosp_050,supply,inferred
sub_017,hosp_051,supply,inferred
sub_007,hosp_052,supply,inferred
sub_007,hosp_053,supply,inferred
sub_074,hosp_054,supply,inferred
sub_110,hosp_055,supply,inferred
sub_050,hosp_056,supply,inferred
sub_063,hosp_057,supply,inferred
sub_050,hosp_058,supply,inferred
sub_007,hosp_059,supply,inferred
sub_063,hosp_060,supply,inferred
sub_119,hosp_061,supply,inferred
sub_044,hosp_062,supply,inferred
sub_044,hosp_063,supply,inferred
sub_089,hosp_064,supply,inferred
sub_108,hosp_065,supply,inferred
sub_074,hosp_066,supply,inferred
sub_001,hosp_067,supply,inferred
sub_166,hosp_068,supply,inferred
sub_166,hosp_069,supply,inferred
sub_071,hosp_070,supply,inferred
sub_071,hosp_071,supply,inferred
sub_071,hosp_072,supply,inferred
sub_001,hosp_073,supply,inferred
sub_033,hosp_074,supply,inferred
sub_166,hosp_075,supply,inferred
sub_016,hosp_076,supply,inferred
sub_071,hosp_077,supply,inferred
sub_121,hosp_078,supply,inferred
sub_065,hosp_079,supply,inferred
sub_105,hosp_080,supply,inferred
sub_104,hosp_081,supply,inferred
sub_025,hosp_082,supply,inferred
sub_166,hosp_083,supply,inferred
sub_181,hosp_084,supply,inferred
sub_011,hosp_085,supply,inferred
sub_166,hosp_086,supply,inferred
sub_166,hosp_087,supply,inferred
sub_109,hosp_088,supply,inferred
sub_016,hosp_089,supply,inferred
sub_117,hosp_090,supply,inferred
sub_117,hosp_091,supply,inferred
sub_022,hosp_092,supply,inferred
sub_022,hosp_093,supply,inferred
sub_166,hosp_094,supply,inferred
sub_040,hosp_095,supply,inferred
sub_071,hosp_096,supply,inferred
sub_071,hosp_097,supply,inferred
sub_071,hosp_098,supply,inferred
sub_071,hosp_099,supply,inferred
sub_047,hosp_100,supply,inferred
sub_101,hosp_101,supply,inferred
sub_039,hosp_102,supply,inferred
sub_047,hosp_103,supply,inferred
sub_046,hosp_104,supply,inferred
sub_078,hosp_105,supply,inferred
sub_078,hosp_106,supply,inferred
sub_003,hosp_107,supply,inferred
sub_171,hosp_108,supply,inferred
sub_070,hosp_109,supply,inferred
sub_072,hosp_110,supply,inferred
sub_101,hosp_111,supply,inferred
sub_164,hosp_112,supply,inferred
sub_172,hosp_113,supply,inferred
sub_072,hosp_114,supply,inferred
sub_050,hosp_115,supply,inferred
sub_152,hosp_116,supply,inferred
sub_119,hosp_117,supply,inferred
sub_017,hosp_118,supply,inferred
sub_005,hosp_119,supply,inferred
sub_117,hosp_120,supply,inferred
sub_171,hosp_121,supply,inferred
sub_085,hosp_122,supply,inferred
sub_156,hosp_123,supply,inferred
sub_156,hosp_124,supply,inferred
sub_082,hosp_125,supply,inferred
sub_071,hosp_126,supply,inferred
sub_008,hosp_127,supply,inferred
sub_050,hosp_128,supply,inferred
sub_050,hosp_129,supply,inferred
sub_050,hosp_130,supply,inferred
sub_138,hosp_131,supply,inferred
sub_072,hosp_132,supply,inferred
sub_071,hosp_133,supply,inferred
sub_078,hosp_134,supply,inferred
sub_001,hosp_135,supply,inferred
sub_071,hosp_136,supply,inferred
sub_052,hosp_137,supply,inferred
sub_121,hosp_138,supply,inferred
sub_119,hosp_139,supply,inferred
sub_166,hosp_140,supply,inferred
sub_118,hosp_141,supply,inferred
sub_171,hosp_142,supply,inferred
sub_072,hosp_143,supply,inferred
sub_072,hosp_144,supply,inferred
sub_072,hosp_145,supply,inferred
sub_111,hosp_146,supply,inferred
sub_072,hosp_147,supply,inferred
sub_070,hosp_148,supply,inferred
sub_089,hosp_149,supply,inferred
sub_130,hosp_150,supply,inferred
sub_046,hosp_151,supply,inferred
sub_005,hosp_152,supply,inferred
sub_003,hosp_153,supply,inferred
sub_070,hosp_154,supply,inferred
sub_050,hosp_155,supply,inferred
sub_050,hosp_156,supply,inferred
sub_113,hosp_157,supply,inferred
sub_011,hosp_158,supply,inferred
sub_035,hosp_159,supply,inferred
sub_008,hosp_160,supply,inferred
sub_150,hosp_161,supply,inferred
sub_132,hosp_162,supply,inferred
sub_188,hosp_163,supply,inferred
sub_009,hosp_164,supply,inferred
sub_009,hosp_165,supply,inferred
sub_009,hosp_166,supply,inferred
sub_021,hosp_167,supply,inferred
sub_144,hosp_168,supply,inferred
sub_002,hosp_169,supply,inferred
sub_099,hosp_170,supply,inferred
sub_128,hosp_171,supply,inferred
sub_079,hosp_172,supply,inferred
sub_186,hosp_173,supply,inferred
sub_009,hosp_174,supply,inferred
sub_141,hosp_175,supply,inferred
sub_141,hosp_176,supply,inferred
sub_181,hosp_177,supply,inferred
sub_022,hosp_178,supply,inferred
sub_081,hosp_179,supply,inferred
sub_011,hosp_180,supply,inferred
sub_021,hosp_181,supply,inferred
sub_022,hosp_182,supply,inferred
sub_022,hosp_183,supply,inferred
sub_105,hosp_184,supply,inferred
sub_072,hosp_185,supply,inferred
sub_078,hosp_186,supply,inferred
sub_166,hosp_187,supply,inferred
sub_133,hosp_188,supply,inferred
sub_021,hosp_189,supply,inferred
sub_021,hosp_190,supply,inferred
sub_159,hosp_191,supply,inferred
sub_072,hosp_192,supply,inferred
sub_104,hosp_193,supply,inferred
sub_078,hosp_194,supply,inferred
sub_039,hosp_195,supply,inferred
sub_001,hosp_196,supply,inferred
sub_101,hosp_197,supply,inferred
sub_175,hosp_198,supply,inferred
sub_129,hosp_199,supply,inferred
sub_129,hosp_200,supply,inferred
sub_084,hosp_201,supply,inferred
sub_084,hosp_202,supply,inferred
sub_157,hosp_203,supply,inferred
sub_129,hosp_204,supply,inferred
sub_046,hosp_205,supply,inferred
sub_129,hosp_206,supply,inferred
sub_109,hosp_207,supply,inferred
sub_166,hosp_208,supply,inferred
sub_166,hosp_209,supply,inferred
sub_050,hosp_210,supply,inferred
sub_074,hosp_211,supply,inferred
sub_050,hosp_212,supply,inferred
sub_021,hosp_213,supply,inferred
sub_046,hosp_214,supply,inferred
sub_085,hosp_215,supply,inferred
sub_154,hosp_216,supply,inferred
sub_046,hosp_217,supply,inferred
sub_070,hosp_218,supply,inferred
sub_047,hosp_219,supply,inferred
sub_002,hosp_220,supply,inferred
sub_009,hosp_221,supply,inferred
sub_009,hosp_222,supply,inferred
sub_155,hosp_223,supply,inferred
sub_039,hosp_224,supply,inferred
sub_078,hosp_225,supply,inferred
sub_005,hosp_226,supply,inferred
sub_171,hosp_227,supply,inferred
sub_171,hosp_228,supply,inferred
sub_154,hosp_229,supply,inferred
sub_019,hosp_230,supply,inferred
sub_081,hosp_231,supply,inferred
sub_081,hosp_232,supply,inferred
sub_081,hosp_233,supply,inferred
sub_081,hosp_234,supply,inferred
sub_166,hosp_235,supply,inferred
sub_026,hosp_236,supply,inferred
sub_081,hosp_237,supply,inferred
sub_099,hosp_238,supply,inferred
sub_186,hosp_239,supply,inferred
sub_047,hosp_240,supply,inferred
sub_130,hosp_241,supply,inferred
sub_121,hosp_242,supply,inferred
sub_121,hosp_243,supply,inferred
sub_141,hosp_244,supply,inferred
sub_001,hosp_245,supply,inferred
sub_074,hosp_246,supply,inferred
sub_021,hosp_247,supply,inferred
sub_078,hosp_248,supply,inferred
sub_050,hosp_249,supply,inferred
sub_181,hosp_250,supply,inferred
sub_111,hosp_251,supply,inferred
sub_111,hosp_252,supply,inferred
sub_111,hosp_253,supply,inferred
sub_111,hosp_254,supply,inferred
sub_104,hosp_255,supply,inferred
sub_111,hosp_256,supply,inferred
sub_050,hosp_257,supply,inferred
sub_111,hosp_258,supply,inferred
sub_111,hosp_259,supply,inferred
sub_146,hosp_260,supply,inferred
sub_146,hosp_261,supply,inferred
sub_109,hosp_262,supply,inferred
sub_081,hosp_263,supply,inferred
sub_071,hosp_264,supply,inferred
sub_070,hosp_265,supply,inferred
sub_070,hosp_266,supply,inferred
sub_097,hosp_267,supply,inferred
sub_070,hosp_268,supply,inferred
sub_101,hosp_269,supply,inferred
sub_071,hosp_270,supply,inferred
sub_070,hosp_271,supply,inferred
sub_072,hosp_272,supply,inferred
sub_070,hosp_273,supply,inferred
sub_101,hosp_274,supply,inferred
sub_072,hosp_275,supply,inferred
sub_070,hosp_276,supply,inferred
sub_001,hosp_277,supply,inferred
sub_070,hosp_278,supply,inferred
sub_072,hosp_279,supply,inferred
sub_101,hosp_280,supply,inferred
sub_070,hosp_281,supply,inferred
sub_070,hosp_282,supply,inferred
sub_138,hosp_283,supply,inferred
sub_070,hosp_284,supply,inferred
sub_011,hosp_285,supply,inferred
sub_047,hosp_286,supply,inferred
sub_072,hosp_287,supply,inferred
sub_105,hosp_288,supply,inferred
sub_181,hosp_289,supply,inferred
sub_011,hosp_290,supply,inferred
sub_011,hosp_291,supply,inferred
sub_166,hosp_292,supply,inferred
sub_157,hosp_293,supply,inferred
sub_181,hosp_294,supply,inferred
sub_171,hosp_295,supply,inferred
sub_023,hosp_296,supply,inferred
sub_050,hosp_297,supply,inferred
sub_121,hosp_298,supply,inferred
sub_073,hosp_299,supply,inferred
sub_071,hosp_300,supply,inferred
sub_071,hosp_301,supply,inferred
sub_145,hosp_302,supply,inferred
sub_171,hosp_303,supply,inferred
sub_101,hosp_304,supply,inferred
sub_085,hosp_305,supply,inferred
sub_139,hosp_306,supply,inferred
sub_002,hosp_307,supply,inferred
sub_108,hosp_308,supply,inferred
sub_105,hosp_309,supply,inferred
sub_071,hosp_310,supply,inferred
sub_011,hosp_311,supply,inferred
sub_071,hosp_312,supply,inferred
sub_117,hosp_313,supply,inferred
sub_015,hosp_314,supply,inferred
sub_057,hosp_315,supply,inferred
sub_117,hosp_316,supply,inferred
sub_117,hosp_317,supply,inferred
sub_155,hosp_318,supply,inferred
sub_021,hosp_319,supply,inferred
sub_022,hosp_320,supply,inferred
sub_078,hosp_321,supply,inferred
sub_002,hosp_322,supply,inferred
sub_178,hosp_323,supply,inferred
sub_078,hosp_324,supply,inferred
sub_078,hosp_325,supply,inferred
sub_130,hosp_326,supply,inferred
sub_081,hosp_327,supply,inferred
sub_123,hosp_328,supply,inferred
sub_022,hosp_329,supply,inferred
sub_105,hosp_330,supply,inferred
sub_101,hosp_331,supply,inferred
sub_117,hosp_332,supply,inferred
sub_112,hosp_333,supply,inferred
sub_019,hosp_334,supply,inferred
sub_114,hosp_335,supply,inferred
sub_104,hosp_336,supply,inferred
sub_071,hosp_337,supply,inferred
sub_108,hosp_338,supply,inferred
sub_101,hosp_339,supply,inferred
sub_016,hosp_340,supply,inferred
sub_001,hosp_341,supply,inferred
sub_121,hosp_342,supply,inferred
sub_152,hosp_343,supply,inferred
sub_085,hosp_344,supply,inferred
sub_001,hosp_345,supply,inferred
sub_052,hosp_346,supply,inferred
sub_009,hosp_347,supply,inferred
sub_171,hosp_348,supply,inferred
sub_130,hosp_349,supply,inferred
sub_061,hosp_350,supply,inferred
sub_095,hosp_351,supply,inferred
sub_025,hosp_352,supply,inferred
sub_025,hosp_353,supply,inferred
sub_025,hosp_354,supply,inferred
sub_029,hosp_355,supply,inferred
sub_050,hosp_356,supply,inferred
sub_071,hosp_357,supply,inferred
sub_071,hosp_358,supply,inferred
sub_050,hosp_359,supply,inferred
sub_165,hosp_360,supply,inferred
sub_044,hosp_361,supply,inferred
sub_002,hosp_362,supply,inferred
sub_104,hosp_363,supply,inferred
sub_053,hosp_364,supply,inferred
sub_002,hosp_365,supply,inferred
sub_072,hosp_366,supply,inferred
sub_039,hosp_367,supply,inferred
sub_061,hosp_368,supply,inferred
sub_040,hosp_369,supply,inferred
sub_100,hosp_370,supply,inferred
sub_047,hosp_371,supply,inferred
sub_130,hosp_372,supply,inferred
sub_130,hosp_373,supply,inferred
sub_130,hosp_374,supply,inferred
sub_002,hosp_375,supply,inferred
sub_002,hosp_376,supply,inferred
sub_047,hosp_377,supply,inferred
sub_025,hosp_378,supply,inferred
sub_156,hosp_379,supply,inferred
sub_071,hosp_380,supply,inferred
sub_138,hosp_381,supply,inferred
sub_037,hosp_382,supply,inferred
sub_050,hosp_383,supply,inferred
sub_047,hosp_384,supply,inferred
sub_047,hosp_385,supply,inferred
sub_002,hosp_386,supply,inferred
sub_105,hosp_387,supply,inferred
sub_074,hosp_388,supply,inferred
sub_016,hosp_389,supply,inferred
sub_001,hosp_390,supply,inferred
sub_110,hosp_391,supply,inferred
sub_101,hosp_392,supply,inferred
sub_101,hosp_393,supply,inferred
sub_100,hosp_394,supply,inferred
sub_104,hosp_395,supply,inferred
sub_104,hosp_396,supply,inferred
sub_104,hosp_397,supply,inferred
sub_050,hosp_398,supply,inferred
sub_050,hosp_399,supply,inferred
sub_050,hosp_400,supply,inferred
sub_117,hosp_401,supply,inferred
sub_111,hosp_402,supply,inferred
sub_007,hosp_403,supply,inferred
sub_050,hosp_404,supply,inferred
sub_072,hosp_405,supply,inferred
sub_103,hosp_406,supply,inferred
sub_103,hosp_407,supply,inferred
sub_089,hosp_408,supply,inferred
sub_050,hosp_409,supply,inferred
sub_157,hosp_410,supply,inferred
sub_109,hosp_411,supply,inferred
sub_090,hosp_412,supply,inferred
sub_074,hosp_413,supply,inferred
sub_045,hosp_414,supply,inferred
sub_011,hosp_415,supply,inferred
sub_079,hosp_416,supply,inferred
sub_166,hosp_417,supply,inferred
sub_074,hosp_418,supply,inferred
sub_044,hosp_419,supply,inferred
sub_078,hosp_420,supply,inferred
sub_044,hosp_421,supply,inferred
sub_011,hosp_422,supply,inferred
sub_022,hosp_423,supply,inferred
sub_039,hosp_424,supply,inferred
sub_130,hosp_425,supply,inferred
sub_039,hosp_426,supply,inferred
sub_040,hosp_427,supply,inferred
sub_063,hosp_428,supply,inferred
sub_103,hosp_429,supply,inferred
sub_122,hosp_430,supply,inferred
sub_104,hosp_431,supply,inferred
sub_130,hosp_432,supply,inferred
sub_050,hosp_433,supply,inferred
sub_001,hosp_434,supply,inferred
sub_003,hosp_435,supply,inferred
sub_003,hosp_436,supply,inferred
sub_111,hosp_437,supply,inferred
sub_002,hosp_438,supply,inferred
sub_022,hosp_439,supply,inferred
sub_029,hosp_440,supply,inferred
sub_053,hosp_441,supply,inferred
sub_029,hosp_442,supply,inferred
sub_044,hosp_443,supply,inferred
sub_104,hosp_444,supply,inferred
sub_022,hosp_445,supply,inferred
sub_099,hosp_446,supply,inferred
sub_057,hosp_447,supply,inferred
sub_111,hosp_448,supply,inferred
sub_089,hosp_449,supply,inferred
sub_122,hosp_450,supply,inferred
sub_029,hosp_451,supply,inferred
sub_058,hosp_452,supply,inferred
sub_071,hosp_453,supply,inferred
sub_111,hosp_454,supply,inferred
sub_104,hosp_455,supply,inferred
sub_101,hosp_456,supply,inferred
sub_078,hosp_457,supply,inferred
sub_101,hosp_458,supply,inferred
sub_175,hosp_459,supply,inferred
sub_101,hosp_460,supply,inferred
sub_094,hosp_461,supply,inferred
sub_079,hosp_462,supply,inferred
sub_033,hosp_463,supply,inferred
sub_166,hosp_464,supply,inferred
sub_074,hosp_465,supply,inferred
sub_101,hosp_466,supply,inferred
sub_070,hosp_467,supply,inferred
sub_021,hosp_468,supply,inferred
sub_105,hosp_469,supply,inferred
sub_100,hosp_470,supply,inferred
sub_078,hosp_471,supply,inferred
sub_078,hosp_472,supply,inferred
sub_029,hosp_473,supply,inferred
sub_099,hosp_474,supply,inferred
sub_058,hosp_475,supply,inferred
sub_025,hosp_476,supply,inferred
sub_025,hosp_477,supply,inferred
sub_061,hosp_478,supply,inferred
sub_101,hosp_479,supply,inferred
sub_105,hosp_480,supply,inferred
sub_050,hosp_481,supply,inferred
sub_105,hosp_482,supply,inferred
sub_105,hosp_483,supply,inferred
sub_050,hosp_484,supply,inferred
sub_003,hosp_485,supply,inferred
sub_005,hosp_486,supply,inferred
sub_078,hosp_487,supply,inferred
sub_144,hosp_488,supply,inferred
sub_103,hosp_489,supply,inferred
sub_025,hosp_490,supply,inferred
sub_044,hosp_491,supply,inferred
sub_181,hosp_492,supply,inferred
sub_160,hosp_493,supply,inferred
sub_112,hosp_494,supply,inferred
sub_183,hosp_495,supply,inferred
sub_074,hosp_496,supply,inferred
sub_029,hosp_497,supply,inferred
sub_009,hosp_498,supply,inferred
sub_104,hosp_499,supply,inferred
sub_145,hosp_500,supply,inferred
sub_104,hosp_501,supply,inferred
sub_072,hosp_502,supply,inferred
sub_104,hosp_503,supply,inferred
sub_011,hosp_504,supply,inferred
sub_099,hosp_505,supply,inferred
sub_089,hosp_506,supply,inferred
sub_171,hosp_507,supply,inferred
sub_049,hosp_508,supply,inferred
sub_039,hosp_509,supply,inferred
sub_070,hosp_510,supply,inferred
sub_070,hosp_511,supply,inferred
sub_070,hosp_512,supply,inferred
sub_078,hosp_513,supply,inferred
sub_171,hosp_514,supply,inferred
sub_054,hosp_515,supply,inferred
sub_103,hosp_516,supply,inferred
sub_130,hosp_517,supply,inferred
sub_071,hosp_518,supply,inferred
sub_133,hosp_519,supply,inferred
sub_172,hosp_520,supply,inferred
sub_003,hosp_521,supply,inferred
sub_021,hosp_522,supply,inferred
sub_034,hosp_523,supply,inferred
sub_040,hosp_524,supply,inferred
sub_027,hosp_525,supply,inferred
sub_078,hosp_526,supply,inferred
sub_053,hosp_527,supply,inferred
sub_089,hosp_528,supply,inferred
sub_017,hosp_529,supply,inferred
sub_017,hosp_530,supply,inferred
sub_099,hosp_531,supply,inferred
sub_011,hosp_532,supply,inferred
sub_027,hosp_533,supply,inferred
sub_171,hosp_534,supply,inferred
sub_171,hosp_535,supply,inferred
sub_171,hosp_536,supply,inferred
sub_078,hosp_537,supply,inferred
sub_062,hosp_538,supply,inferred
sub_078,hosp_539,supply,inferred
sub_172,hosp_540,supply,inferred
sub_100,hosp_541,supply,inferred
sub_063,hosp_542,supply,inferred
sub_123,hosp_543,supply,inferred
sub_072,hosp_544,supply,inferred
sub_165,hosp_545,supply,inferred
sub_092,hosp_546,supply,inferred
sub_078,hosp_547,supply,inferred
sub_050,hosp_548,supply,inferred
sub_099,hosp_549,supply,inferred
sub_071,hosp_550,supply,inferred
sub_103,hosp_551,supply,inferred
sub_165,hosp_552,supply,inferred
sub_138,hosp_553,supply,inferred
sub_130,hosp_554,supply,inferred
sub_090,hosp_555,supply,inferred
sub_062,hosp_556,supply,inferred
sub_044,hosp_557,supply,inferred
sub_071,hosp_558,supply,inferred
sub_053,hosp_559,supply,inferred
sub_003,hosp_560,supply,inferred
sub_171,hosp_561,supply,inferred
sub_104,hosp_562,supply,inferred
sub_025,hosp_563,supply,inferred
sub_008,hosp_564,supply,inferred
sub_072,hosp_565,supply,inferred
sub_053,hosp_566,supply,inferred
sub_144,hosp_567,supply,inferred
sub_101,hosp_568,supply,inferred
sub_142,hosp_569,supply,inferred
sub_181,hosp_570,supply,inferred
sub_166,hosp_571,supply,inferred
sub_080,hosp_572,supply,inferred
sub_097,hosp_573,supply,inferred
sub_025,hosp_574,supply,inferred
sub_015,hosp_575,supply,inferred
sub_165,hosp_576,supply,inferred
sub_047,hosp_577,supply,inferred
sub_162,hosp_578,supply,inferred
sub_085,hosp_579,supply,inferred
sub_165,hosp_580,supply,inferred
sub_039,hosp_581,supply,inferred
sub_072,hosp_582,supply,inferred
sub_130,hosp_583,supply,inferred
sub_111,hosp_584,supply,inferred
sub_097,hosp_585,supply,inferred
sub_109,hosp_586,supply,inferred
sub_057,hosp_587,supply,inferred
sub_154,hosp_588,supply,inferred
sub_171,hosp_589,supply,inferred
sub_057,hosp_590,supply,inferred
sub_154,hosp_591,supply,inferred
sub_057,hosp_592,supply,inferred
sub_078,hosp_593,supply,inferred
sub_078,hosp_594,supply,inferred
sub_171,hosp_595,supply,inferred
sub_057,hosp_596,supply,inferred
sub_057,hosp_597,supply,inferred
sub_078,hosp_598,supply,inferred
sub_056,hosp_599,supply,inferred
sub_057,hosp_600,supply,inferred
sub_171,hosp_601,supply,inferred
sub_171,hosp_602,supply,inferred
sub_015,hosp_603,supply,inferred
sub_057,hosp_604,supply,inferred
sub_015,hosp_605,supply,inferred
sub_072,hosp_606,supply,inferred
sub_021,hosp_607,supply,inferred
sub_178,hosp_608,supply,inferred
sub_072,hosp_609,supply,inferred
sub_072,hosp_610,supply,inferred
sub_077,hosp_611,supply,inferred
sub_138,hosp_612,supply,inferred
sub_092,hosp_613,supply,inferred
sub_101,hosp_614,supply,inferred
sub_101,hosp_615,supply,inferred
sub_021,hosp_616,supply,inferred
sub_026,hosp_617,supply,inferred
sub_070,hosp_618,supply,inferred
sub_070,hosp_619,supply,inferred
sub_178,hosp_620,supply,inferred
sub_021,hosp_621,supply,inferred
sub_130,hosp_622,supply,inferred
sub_072,hosp_623,supply,inferred
sub_070,hosp_624,supply,inferred
sub_101,hosp_625,supply,inferred
sub_130,hosp_626,supply,inferred
sub_101,hosp_627,supply,inferred
sub_138,hosp_628,supply,inferred
sub_092,hosp_629,supply,inferred
sub_021,hosp_630,supply,inferred
sub_101,hosp_631,supply,inferred
sub_072,hosp_632,supply,inferred
sub_019,hosp_633,supply,inferred
sub_138,hosp_634,supply,inferred
sub_138,hosp_635,supply,inferred
sub_138,hosp_636,supply,inferred
sub_101,hosp_637,supply,inferred
sub_092,hosp_638,supply,inferred
sub_178,hosp_639,supply,inferred
sub_072,hosp_640,supply,inferred
sub_026,hosp_641,supply,inferred
sub_178,hosp_642,supply,inferred
sub_072,hosp_643,supply,inferred
sub_181,hosp_644,supply,inferred
sub_118,hosp_645,supply,inferred
sub_004,hosp_646,supply,inferred
sub_005,hosp_647,supply,inferred
sub_141,hosp_648,supply,inferred
sub_181,hosp_649,supply,inferred
sub_111,hosp_650,supply,inferred
sub_100,hosp_651,supply,inferred
sub_062,hosp_652,supply,inferred
sub_105,hosp_653,supply,inferred
sub_104,hosp_654,supply,inferred
sub_104,hosp_655,supply,inferred
sub_100,hosp_656,supply,inferred
sub_104,hosp_657,supply,inferred
sub_111,hosp_658,supply,inferred
sub_105,hosp_659,supply,inferred
sub_100,hosp_660,supply,inferred
sub_050,hosp_661,supply,inferred
sub_101,hosp_662,supply,inferred
sub_100,hosp_663,supply,inferred
sub_062,hosp_664,supply,inferred
sub_104,hosp_665,supply,inferred
sub_104,hosp_666,supply,inferred
sub_104,hosp_667,supply,inferred
sub_104,hosp_668,supply,inferred
sub_111,hosp_669,supply,inferred
sub_111,hosp_670,supply,inferred
sub_105,hosp_671,supply,inferred
sub_104,hosp_672,supply,inferred
sub_111,hosp_673,supply,inferred
sub_099,hosp_674,supply,inferred
sub_100,hosp_675,supply,inferred
sub_104,hosp_676,supply,inferred
sub_104,hosp_677,supply,inferred
sub_062,hosp_678,supply,inferred
sub_104,hosp_679,supply,inferred
sub_100,hosp_680,supply,inferred
sub_100,hosp_681,supply,inferred
sub_020,hosp_682,supply,inferred
sub_099,hosp_683,supply,inferred
sub_104,hosp_684,supply,inferred
sub_104,hosp_685,supply,inferred
sub_099,hosp_686,supply,inferred
sub_045,hosp_687,supply,inferred
sub_078,hosp_688,supply,inferred
sub_078,hosp_689,supply,inferred
sub_114,hosp_690,supply,inferred
sub_078,hosp_691,supply,inferred
sub_114,hosp_692,supply,inferred
sub_053,hosp_693,supply,inferred
sub_078,hosp_694,supply,inferred
sub_176,hosp_695,supply,inferred
sub_053,hosp_696,supply,inferred
sub_078,hosp_697,supply,inferred
sub_078,hosp_698,supply,inferred
sub_176,hosp_699,supply,inferred
sub_160,hosp_700,supply,inferred
sub_078,hosp_701,supply,inferred
sub_160,hosp_702,supply,inferred
sub_053,hosp_703,supply,inferred
sub_053,hosp_704,supply,inferred
sub_078,hosp_705,supply,inferred
sub_078,hosp_706,supply,inferred
sub_061,hosp_707,supply,inferred
sub_061,hosp_708,supply,inferred
sub_007,hosp_709,supply,inferred
sub_007,hosp_710,supply,inferred
sub_061,hosp_711,supply,inferred
sub_061,hosp_712,supply,inferred
sub_109,hosp_713,supply,inferred
sub_050,hosp_714,supply,inferred
sub_139,hosp_715,supply,inferred
sub_074,hosp_716,supply,inferred
sub_074,hosp_717,supply,inferred
sub_050,hosp_718,supply,inferred
sub_166,hosp_719,supply,inferred
sub_050,hosp_720,supply,inferred
sub_074,hosp_721,supply,inferred
sub_074,hosp_722,supply,inferred
sub_110,hosp_723,supply,inferred
sub_050,hosp_724,supply,inferred
sub_109,hosp_725,supply,inferred
sub_011,hosp_726,supply,inferred
sub_109,hosp_727,supply,inferred
sub_011,hosp_728,supply,inferred
sub_110,hosp_729,supply,inferred
sub_009,hosp_730,supply,inferred
sub_069,hosp_731,supply,inferred
sub_176,hosp_732,supply,inferred
sub_066,hosp_733,supply,inferred
sub_045,hosp_734,supply,inferred
sub_067,hosp_735,supply,inferred
sub_067,hosp_736,supply,inferred
sub_048,hosp_737,supply,inferred
sub_097,hosp_738,supply,inferred
sub_097,hosp_739,supply,inferred
sub_161,hosp_740,supply,inferred
sub_002,hosp_741,supply,inferred
sub_002,hosp_742,supply,inferred
sub_002,hosp_743,supply,inferred
sub_123,hosp_744,supply,inferred
sub_002,hosp_745,supply,inferred
sub_071,hosp_746,supply,inferred
sub_002,hosp_747,supply,inferred
sub_071,hosp_748,supply,inferred
sub_081,hosp_749,supply,inferred
sub_047,hosp_750,supply,inferred
sub_047,hosp_751,supply,inferred
sub_071,hosp_752,supply,inferred
sub_130,hosp_753,supply,inferred
sub_071,hosp_754,supply,inferred
sub_130,hosp_755,supply,inferred
sub_145,hosp_756,supply,inferred
sub_186,hosp_757,supply,inferred
sub_016,hosp_758,supply,inferred
sub_011,hosp_759,supply,inferred
sub_105,hosp_760,supply,inferred
sub_029,hosp_761,supply,inferred
sub_117,hosp_762,supply,inferred
sub_075,hosp_763,supply,inferred
sub_117,hosp_764,supply,inferred
sub_053,hosp_765,supply,inferred
sub_137,hosp_766,supply,inferred
sub_159,hosp_767,supply,inferred
sub_080,hosp_768,supply,inferred
sub_008,hosp_769,supply,inferred
sub_111,hosp_770,supply,inferred
sub_159,hosp_771,supply,inferred
sub_064,hosp_772,supply,inferred
sub_075,hosp_773,supply,inferred
sub_084,hosp_774,supply,inferred
sub_071,hosp_775,supply,inferred
sub_119,hosp_776,supply,inferred
sub_009,hosp_777,supply,inferred
sub_117,hosp_778,supply,inferred
sub_117,hosp_779,supply,inferred
sub_117,hosp_780,supply,inferred
sub_168,hosp_781,supply,inferred
sub_011,hosp_782,supply,inferred
sub_138,hosp_783,supply,inferred
sub_043,hosp_784,supply,inferred
sub_058,hosp_785,supply,inferred
sub_118,hosp_786,supply,inferred
sub_058,hosp_787,supply,inferred
sub_010,hosp_788,supply,inferred
sub_011,hosp_789,supply,inferred
sub_089,hosp_790,supply,inferred
sub_008,hosp_791,supply,inferred
sub_121,hosp_792,supply,inferred
sub_061,hosp_793,supply,inferred
sub_074,hosp_794,supply,inferred
sub_095,hosp_795,supply,inferred
sub_123,hosp_796,supply,inferred
sub_071,hosp_797,supply,inferred
sub_007,hosp_798,supply,inferred
sub_071,hosp_799,supply,inferred
sub_095,hosp_800,supply,inferred
sub_033,hosp_801,supply,inferred
sub_071,hosp_802,supply,inferred
sub_033,hosp_803,supply,inferred
sub_118,hosp_804,supply,inferred
sub_010,hosp_805,supply,inferred
sub_062,hosp_806,supply,inferred
sub_072,hosp_807,supply,inferred
sub_081,hosp_808,supply,inferred
sub_001,hosp_809,supply,inferred
sub_104,hosp_810,supply,inferred
sub_177,hosp_811,supply,inferred
sub_177,hosp_812,supply,inferred
sub_138,hosp_813,supply,inferred
sub_138,hosp_814,supply,inferred
sub_146,hosp_815,supply,inferred
sub_071,hosp_816,supply,inferred
sub_062,hosp_817,supply,inferred
sub_119,hosp_818,supply,inferred
sub_188,hosp_819,supply,inferred
sub_024,hosp_820,supply,inferred
sub_177,hosp_821,supply,inferred
sub_105,hosp_822,supply,inferred
sub_001,hosp_823,supply,inferred
sub_078,hosp_824,supply,inferred
sub_117,hosp_825,supply,inferred
sub_078,hosp_826,supply,inferred
sub_170,hosp_827,supply,inferred
sub_078,hosp_828,supply,inferred
sub_110,hosp_829,supply,inferred
sub_127,hosp_830,supply,inferred
sub_011,hosp_831,supply,inferred
sub_009,hosp_832,supply,inferred
sub_095,hosp_833,supply,inferred
sub_119,hosp_834,supply,inferred
sub_071,hosp_835,supply,inferred
sub_149,hosp_836,supply,inferred
sub_033,hosp_837,supply,inferred
sub_181,hosp_838,supply,inferred
sub_014,hosp_839,supply,inferred
sub_122,hosp_840,supply,inferred
sub_119,hosp_841,supply,inferred
sub_127,hosp_842,supply,inferred
sub_011,hosp_843,supply,inferred
sub_009,hosp_844,supply,inferred
sub_065,hosp_845,supply,inferred
sub_082,hosp_846,supply,inferred
sub_047,hosp_847,supply,inferred
sub_099,hosp_848,supply,inferred
sub_099,hosp_849,supply,inferred
sub_074,hosp_850,supply,inferred
sub_117,hosp_851,supply,inferred
sub_074,hosp_852,supply,inferred
sub_041,hosp_853,supply,inferred
sub_066,hosp_854,supply,inferred
sub_157,hosp_855,supply,inferred
sub_157,hosp_856,supply,inferred
sub_081,hosp_857,supply,inferred
sub_098,hosp_858,supply,inferred
sub_081,hosp_859,supply,inferred
sub_100,hosp_860,supply,inferred
sub_130,hosp_861,supply,inferred
sub_040,hosp_862,supply,inferred
sub_021,hosp_863,supply,inferred
sub_007,hosp_864,supply,inferred
sub_038,hosp_865,supply,inferred
sub_011,hosp_866,supply,inferred
sub_159,hosp_867,supply,inferred
sub_159,hosp_868,supply,inferred
sub_081,hosp_869,supply,inferred
sub_132,hosp_870,supply,inferred
sub_164,hosp_871,supply,inferred
sub_019,hosp_872,supply,inferred
sub_007,hosp_873,supply,inferred
sub_111,hosp_874,supply,inferred
sub_011,hosp_875,supply,inferred
sub_019,hosp_876,supply,inferred
sub_009,hosp_877,supply,inferred
sub_009,hosp_878,supply,inferred
sub_009,hosp_879,supply,inferred
sub_071,hosp_880,supply,inferred
sub_111,hosp_881,supply,inferred
sub_183,hosp_882,supply,inferred
sub_086,hosp_883,supply,inferred
sub_058,hosp_884,supply,inferred
sub_100,hosp_885,supply,inferred
sub_042,hosp_886,supply,inferred
sub_099,hosp_887,supply,inferred
sub_009,hosp_888,supply,inferred
sub_072,hosp_889,supply,inferred
sub_072,hosp_890,supply,inferred
sub_044,hosp_891,supply,inferred
sub_117,hosp_892,supply,inferred
sub_099,hosp_893,supply,inferred
sub_078,hosp_894,supply,inferred
sub_011,hosp_895,supply,inferred
sub_079,hosp_896,supply,inferred
sub_130,hosp_897,supply,inferred
sub_077,hosp_898,supply,inferred
sub_050,hosp_899,supply,inferred
sub_105,hosp_900,supply,inferred
sub_050,hosp_901,supply,inferred
sub_105,hosp_902,supply,inferred
sub_186,hosp_903,supply,inferred
sub_081,hosp_904,supply,inferred
sub_076,hosp_905,supply,inferred
sub_009,hosp_906,supply,inferred
sub_025,hosp_907,supply,inferred
sub_074,hosp_908,supply,inferred
sub_117,hosp_909,supply,inferred
sub_117,hosp_910,supply,inferred
sub_121,hosp_911,supply,inferred
sub_130,hosp_912,supply,inferred
sub_068,hosp_913,supply,inferred
sub_061,hosp_914,supply,inferred
sub_089,hosp_915,supply,inferred
sub_019,hosp_916,supply,inferred
sub_095,hosp_917,supply,inferred
sub_131,hosp_918,supply,inferred
sub_078,hosp_919,supply,inferred
sub_021,hosp_920,supply,inferred
sub_190,hosp_921,supply,inferred
sub_142,hosp_922,supply,inferred
sub_038,hosp_923,supply,inferred
sub_186,hosp_924,supply,inferred
sub_023,hosp_925,supply,inferred
sub_011,hosp_926,supply,inferred
sub_009,hosp_927,supply,inferred
sub_105,hosp_928,supply,inferred
sub_022,hosp_929,supply,inferred
sub_054,hosp_930,supply,inferred
sub_105,hosp_931,supply,inferred
sub_001,hosp_932,supply,inferred
sub_001,hosp_933,supply,inferred
sub_047,hosp_934,supply,inferred
sub_071,hosp_935,supply,inferred
sub_071,hosp_936,supply,inferred
sub_074,hosp_937,supply,inferred
sub_111,hosp_938,supply,inferred
sub_002,hosp_939,supply,inferred
sub_078,hosp_940,supply,inferred
sub_059,hosp_941,supply,inferred
sub_105,hosp_942,supply,inferred
sub_071,hosp_943,supply,inferred
sub_072,hosp_944,supply,inferred
sub_146,hosp_945,supply,inferred
sub_163,hosp_946,supply,inferred
sub_078,hosp_947,supply,inferred
sub_150,hosp_948,supply,inferred
sub_058,hosp_949,supply,inferred
sub_081,hosp_950,supply,inferred
sub_019,hosp_951,supply,inferred
sub_082,hosp_952,supply,inferred
sub_081,hosp_953,supply,inferred
sub_063,hosp_954,supply,inferred
sub_074,hosp_955,supply,inferred
sub_032,hosp_956,supply,inferred
sub_021,hosp_957,supply,inferred
sub_007,hosp_958,supply,inferred
sub_062,hosp_959,supply,inferred
sub_105,hosp_960,supply,inferred
sub_099,hosp_961,supply,inferred
sub_081,hosp_962,supply,inferred
sub_123,hosp_963,supply,inferred
sub_085,hosp_964,supply,inferred
sub_009,hosp_965,supply,inferred
sub_104,hosp_966,supply,inferred
sub_149,hosp_967,supply,inferred
sub_128,hosp_968,supply,inferred
sub_046,hosp_969,supply,inferred
sub_119,hosp_970,supply,inferred
sub_129,hosp_971,supply,inferred
sub_127,hosp_972,supply,inferred
sub_188,hosp_973,supply,inferred
sub_022,hosp_974,supply,inferred
sub_158,hosp_975,supply,inferred
sub_146,hosp_976,supply,inferred
sub_065,hosp_977,supply,inferred
sub_003,hosp_978,supply,inferred
sub_104,hosp_979,supply,inferred
sub_164,hosp_980,supply,inferred
sub_071,hosp_981,supply,inferred
sub_146,hosp_982,supply,inferred
sub_025,hosp_983,supply,inferred
sub_067,hosp_984,supply,inferred
sub_067,hosp_985,supply,inferred
sub_162,hosp_986,supply,inferred
sub_007,hosp_987,supply,inferred
sub_007,hosp_988,supply,inferred
sub_036,hosp_989,supply,inferred
sub_053,hosp_990,supply,inferred
sub_106,hosp_991,supply,inferred
sub_125,hosp_992,supply,inferred
sub_171,hosp_993,supply,inferred
sub_081,hosp_994,supply,inferred
sub_072,hosp_995,supply,inferred
sub_047,hosp_996,supply,inferred
sub_090,hosp_997,supply,inferred
sub_081,hosp_998,supply,inferred
sub_071,hosp_999,supply,inferred
sub_071,hosp_1000,supply,inferred
sub_059,hosp_1001,supply,inferred
sub_095,hosp_1002,supply,inferred
sub_062,hosp_1003,supply,inferred
sub_046,hosp_1004,supply,inferred
sub_129,hosp_1005,supply,inferred
sub_132,hosp_1006,supply,inferred
sub_162,hosp_1007,supply,inferred
sub_146,hosp_1008,supply,inferred
sub_130,hosp_1009,supply,inferred
sub_123,hosp_1010,supply,inferred
sub_065,hosp_1011,supply,inferred
sub_094,hosp_1012,supply,inferred
sub_081,hosp_1013,supply,inferred
sub_002,hosp_1014,supply,inferred
sub_158,hosp_1015,supply,inferred
sub_121,hosp_1016,supply,inferred
sub_082,hosp_1017,supply,inferred
sub_119,hosp_1018,supply,inferred
sub_119,hosp_1019,supply,inferred
sub_005,hosp_1020,supply,inferred
sub_007,hosp_1021,supply,inferred
sub_130,hosp_1022,supply,inferred
sub_122,hosp_1023,supply,inferred
sub_022,hosp_1024,supply,inferred
sub_085,hosp_1025,supply,inferred
sub_158,hosp_1026,supply,inferred
sub_113,hosp_1027,supply,inferred
sub_128,hosp_1028,supply,inferred
sub_081,hosp_1029,supply,inferred
sub_100,hosp_1030,supply,inferred
sub_074,hosp_1031,supply,inferred
sub_007,hosp_1032,supply,inferred
sub_095,hosp_1033,supply,inferred
sub_023,hosp_1034,supply,inferred
sub_033,hosp_1035,supply,inferred
sub_032,hosp_1036,supply,inferred
sub_065,hosp_1037,supply,inferred
sub_046,hosp_1038,supply,inferred
sub_023,hosp_1039,supply,inferred
sub_007,hosp_1040,supply,inferred
sub_104,hosp_1041,supply,inferred
sub_100,hosp_1042,supply,inferred
sub_077,hosp_1043,supply,inferred
sub_159,hosp_1044,supply,inferred
sub_090,hosp_1045,supply,inferred
sub_165,hosp_1046,supply,inferred
sub_084,hosp_1047,supply,inferred
sub_105,hosp_1048,supply,inferred
sub_105,hosp_1049,supply,inferred
sub_060,hosp_1050,supply,inferred
sub_171,hosp_1051,supply,inferred
sub_023,hosp_1052,supply,inferred
sub_094,hosp_1053,supply,inferred
sub_084,hosp_1054,supply,inferred
sub_109,hosp_1055,supply,inferred
sub_060,hosp_1056,supply,inferred
sub_007,hosp_1057,supply,inferred
sub_132,hosp_1058,supply,inferred
sub_178,hosp_1059,supply,inferred
sub_178,hosp_1060,supply,inferred
sub_075,pump_001,supply,inferred
sub_148,pump_002,supply,inferred
sub_122,pump_003,supply,inferred
sub_148,pump_004,supply,inferred
sub_148,pump_005,supply,inferred
sub_148,pump_006,supply,inferred
sub_060,pump_007,supply,inferred
sub_078,pump_008,supply,inferred
sub_122,pump_009,supply,inferred
sub_066,pump_010,supply,inferred
sub_066,pump_011,supply,inferred
sub_066,pump_012,supply,inferred
sub_041,pump_013,supply,inferred
sub_045,pump_014,supply,inferred
sub_045,pump_015,supply,inferred
sub_045,pump_016,supply,inferred
sub_017,pump_017,supply,inferred
sub_054,pump_018,supply,inferred
sub_148,pump_019,supply,inferred
sub_141,pump_020,supply,inferred
sub_011,pump_021,supply,inferred
sub_071,pump_022,supply,inferred
sub_123,pump_023,supply,inferred
sub_082,pump_024,supply,inferred
sub_170,pump_025,supply,inferred
sub_112,pump_026,supply,inferred
sub_021,pump_027,supply,inferred
sub_021,pump_028,supply,inferred
sub_021,pump_029,supply,inferred
sub_131,pump_030,supply,inferred
sub_052,pump_031,supply,inferred
sub_066,pump_032,supply,inferred
sub_066,pump_033,supply,inferred
sub_061,pump_034,supply,inferred
sub_074,pump_035,supply,inferred
sub_132,pump_036,supply,inferred
sub_020,pump_037,supply,inferred
sub_130,pump_038,supply,inferred
sub_105,pump_039,supply,inferred
sub_011,pump_040,supply,inferred
sub_112,pump_041,supply,inferred
sub_082,pump_042,supply,inferred
sub_082,pump_043,supply,inferred
sub_025,pump_044,supply,inferred
sub_078,pump_045,supply,inferred
sub_029,pump_046,supply,inferred
sub_040,pump_047,supply,inferred
sub_044,pump_048,supply,inferred
sub_164,pump_049,supply,inferred
sub_164,pump_050,supply,inferred
sub_069,pump_051,supply,inferred
sub_069,pump_052,supply,inferred
sub_174,pump_053,supply,inferred
sub_178,pump_054,supply,inferred
sub_036,pump_055,supply,inferred
sub_166,pump_056,supply,inferred
sub_081,pump_057,supply,inferred
sub_081,pump_058,supply,inferred
sub_170,pump_059,supply,inferred
sub_170,pump_060,supply,inferred
sub_089,pump_061,supply,inferred
sub_103,pump_062,supply,inferred
sub_103,pump_063,supply,inferred
sub_065,pump_064,supply,inferred
sub_160,pump_065,supply,inferred
sub_100,pump_066,supply,inferred
sub_002,pump_067,supply,inferred
sub_161,pump_068,supply,inferred
sub_046,pump_069,supply,inferred
sub_062,pump_070,supply,inferred
sub_158,pump_071,supply,inferred
sub_016,pump_072,supply,inferred
sub_087,pump_073,supply,inferred
sub_160,pump_074,supply,inferred
sub_087,pump_075,supply,inferred
sub_082,pump_076,supply,inferred
sub_054,pump_077,supply,inferred
sub_054,pump_078,supply,inferred
sub_101,pump_079,supply,inferred
sub_130,pump_080,supply,inferred
sub_081,pump_081,supply,inferred
sub_130,pump_082,supply,inferred
sub_171,pump_083,supply,inferred
sub_171,pump_084,supply,inferred
sub_002,pump_085,supply,inferred
sub_133,pump_086,supply,inferred
sub_133,pump_087,supply,inferred
sub_133,pump_088,supply,inferred
sub_048,pump_089,supply,inferred
sub_082,pump_090,supply,inferred
sub_047,pump_091,supply,inferred
sub_104,pump_092,supply,inferred
sub_112,pump_093,supply,inferred
sub_011,pump_094,supply,inferred
sub_074,pump_095,supply,inferred
sub_001,pump_096,supply,inferred
sub_021,pump_097,supply,inferred
sub_076,pump_098,supply,inferred
sub_141,pump_099,supply,inferred
sub_133,pump_100,supply,inferred
sub_065,pump_101,supply,inferred
sub_085,pump_102,supply,inferred
sub_185,pump_103,supply,inferred
sub_188,pump_104,supply,inferred
sub_065,pump_105,supply,inferred
sub_166,pump_106,supply,inferred
sub_164,pump_107,supply,inferred
sub_152,pump_108,supply,inferred
sub_085,pump_109,supply,inferred
sub_009,pump_110,supply,inferred
sub_133,pump_111,supply,inferred
sub_047,pump_112,supply,inferred
sub_071,pump_113,supply,inferred
sub_003,pump_114,supply,inferred
sub_050,pump_115,supply,inferred
sub_117,pump_116,supply,inferred
sub_082,pump_117,supply,inferred
sub_176,pump_118,supply,inferred
sub_078,pump_119,supply,inferred
sub_081,pump_120,supply,inferred
sub_029,pump_121,supply,inferred
sub_112,pump_122,supply,inferred
sub_119,pump_123,supply,inferred
sub_092,pump_124,supply,inferred
sub_157,pump_125,supply,inferred
sub_092,pump_126,supply,inferred
sub_053,pump_127,supply,inferred
sub_043,pump_128,supply,inferred
sub_002,pump_129,supply,inferred
sub_104,pump_130,supply,inferred
sub_130,pump_131,supply,inferred
sub_024,pump_132,supply,inferred
sub_058,pump_133,supply,inferred
sub_123,pump_134,supply,inferred
sub_050,pump_135,supply,inferred
sub_070,pump_136,supply,inferred
sub_011,pump_137,supply,inferred
sub_009,pump_138,supply,inferred
sub_009,pump_139,supply,inferred
sub_078,pump_140,supply,inferred
sub_029,pump_141,supply,inferred
sub_029,pump_142,supply,inferred
sub_029,pump_143,supply,inferred
sub_072,pump_144,supply,inferred
sub_083,pump_145,supply,inferred
sub_083,pump_146,supply,inferred
sub_097,pump_147,supply,inferred
sub_119,pump_148,supply,inferred
sub_158,pump_149,supply,inferred
sub_074,pump_150,supply,inferred
sub_143,pump_151,supply,inferred
sub_102,pump_152,supply,inferred
sub_165,pump_153,supply,inferred
sub_167,pump_154,supply,inferred
sub_168,pump_155,supply,inferred
sub_081,pump_156,supply,inferred
sub_053,pump_157,supply,inferred
