rank,node_id,name,steps,hours,people_affected,substations_failed,cascade_size,hospitals_feeder_lost,hospitals_on_backup,hospitals_without_power,pumps_feeder_lost,pumps_without_water,unserved_load_mw,criticality_percentile
1,sub_171,ITI,12,24.0,2918254,110,772,587,335,252,75,51,4658.96,100.0
2,sub_039,LR Bande Substation,12,24.0,2729047,104,870,660,390,270,106,69,4241.16,99.47
3,sub_074,Jayadeva,12,24.0,2441139,93,880,693,237,456,94,60,3116.22,98.95
4,sub_091,Vikas Tech Park Substation,12,24.0,2125855,78,484,366,239,127,40,15,3514.04,98.42
5,sub_072,Vijaya Nagar,12,24.0,1995701,78,815,657,266,391,80,53,3368.33,97.89
6,sub_045,Abbigere,12,24.0,1990258,73,532,376,214,162,83,55,3250.82,97.37
7,sub_030,Bagmane WTC,12,24.0,1734478,65,497,374,217,157,58,44,2657.79,96.84
8,sub_105,Jayanagar Substation,12,24.0,1519296,58,622,489,172,317,75,42,865.62,96.32
9,sub_187,Somashettihalli 66kV Substation,12,24.0,1501343,53,330,220,125,95,57,29,1702.09,95.79
10,sub_184,sub_184,12,24.0,1445074,51,315,209,120,89,55,28,1562.95,95.26
11,sub_154,sub_154,12,24.0,1395214,51,356,254,143,111,51,31,1767.98,94.74
12,sub_040,Hebbal Substation,12,24.0,1195047,40,190,116,45,71,34,18,1054.22,94.21
13,sub_181,sub_181,12,24.0,1073604,38,201,148,60,88,15,8,681.08,93.68
14,sub_168,sub_168,12,24.0,1001817,39,414,335,119,216,40,31,2481.5,93.16
15,sub_048,sub_048,12,24.0,908671,31,139,86,56,30,22,13,1008.98,92.63
16,sub_029,Kengeri S Town,8,16.0,186083,7,29,15,0,15,7,7,462.22,92.11
17,sub_077,HAL Substation,6,12.0,55391,2,6,4,0,4,0,0,0.0,91.58
18,sub_182,KPTCL Keppel Purvankara Park Square,2,4.0,44960,1,1,0,0,0,0,0,0.0,91.05
19,sub_088,sub_088,2,4.0,44896,1,1,0,0,0,0,0,0.0,90.53
20,sub_027,Hoody Traction,5,10.0,44789,1,3,2,0,2,0,0,0.0,90.0
21,sub_109,St Johns Wood Substation,5,10.0,44692,1,10,9,0,9,0,0,0.0,89.47
22,sub_022,BMTC Substation,5,10.0,44500,1,14,13,0,13,0,0,0.0,88.95
23,sub_075,sub_075,5,10.0,44422,1,4,2,0,2,1,1,0.0,88.42
24,sub_096,sub_096,2,4.0,44256,1,1,0,0,0,0,0,0.0,87.89
25,sub_049,Wellcast Steel,5,10.0,44031,1,3,2,0,2,0,0,0.0,87.37
26,sub_006,sub_006,2,4.0,43713,1,1,0,0,0,0,0,0.0,86.84
27,sub_092,sub_092,5,10.0,43600,1,7,4,0,4,2,2,0.0,86.32
28,sub_158,sub_158,5,10.0,43399,1,7,4,0,4,2,2,0.0,85.79
29,sub_042,sub_042,5,10.0,43348,1,2,1,0,1,0,0,0.0,85.26
30,sub_035,Subramanyapura Substation,5,10.0,43190,1,2,1,0,1,0,0,0.0,84.74
31,sub_121,sub_121,5,10.0,43141,1,10,9,0,9,0,0,0.0,84.21
32,sub_150,sub_150,5,10.0,42808,1,3,2,0,2,0,0,0.0,83.68
33,sub_079,sub_079,5,10.0,42807,1,6,5,0,5,0,0,0.0,83.16
34,sub_093,Exora,2,4.0,42664,1,1,0,0,0,0,0,0.0,82.63
35,sub_084,sub_084,5,10.0,42261,1,6,5,0,5,0,0,0.0,82.11
36,sub_148,sub_148,4,8.0,41944,1,6,0,0,0,5,5,0.0,81.58
37,sub_125,Jindal City Substation,5,10.0,41516,1,2,1,0,1,0,0,0.0,81.05
38,sub_152,sub_152,5,10.0,41081,1,4,2,0,2,1,1,0.0,80.53
39,sub_058,B Station,5,10.0,39812,1,8,6,0,6,1,1,0.0,80.0
40,sub_142,sub_142,5,10.0,39138,1,3,2,0,2,0,0,0.0,79.47
41,sub_059,sub_059,5,10.0,38976,1,3,2,0,2,0,0,0.0,78.95
42,sub_116,HAL Substation,2,4.0,38847,1,1,0,0,0,0,0,0.0,78.42
43,sub_033,Naganathapura Substation,5,10.0,38674,1,7,6,0,6,0,0,0.0,77.89
44,sub_161,SRS Peenya Substation,5,10.0,38534,1,3,1,0,1,1,1,0.0,77.37
45,sub_066,BEL,5,10.0,38318,1,9,3,0,3,5,5,0.0,76.84
46,sub_173,sub_173,2,4.0,38257,1,1,0,0,0,0,0,0.0,76.32
47,sub_117,Nimhans Substation,5,10.0,38166,1,21,19,0,19,1,1,0.0,75.79
48,sub_012,Peenya Substation,2,4.0,38108,1,1,0,0,0,0,0,0.0,75.26
49,sub_026,Golf Links Substation,5,10.0,38071,1,4,3,0,3,0,0,0.0,74.74
50,sub_143,sub_143,4,8.0,37846,1,2,0,0,0,1,1,0.0,74.21
51,sub_037,Manyata,5,10.0,37735,1,2,1,0,1,0,0,0.0,73.68
52,sub_065,sub_065,5,10.0,37400,1,9,5,0,5,3,3,0.0,73.16
53,sub_153,sub_153,2,4.0,37223,1,1,0,0,0,0,0,0.0,72.63
54,sub_067,MEI Layout,5,10.0,37041,1,5,4,0,4,0,0,0.0,72.11
55,sub_151,Kachamaranahalli Substation,2,4.0,37004,1,1,0,0,0,0,0,0.0,71.58
56,sub_102,Kodigehalli Substation,4,8.0,36956,1,2,0,0,0,1,1,0.0,71.05
57,sub_061,Yelahanka,5,10.0,36249,1,11,9,0,9,1,1,0.0,70.53
58,sub_028,sub_028,2,4.0,36077,1,1,0,0,0,0,0,0.0,70.0
59,sub_050,Padmanabha Nagar Substation,5,10.0,35730,1,36,33,0,33,2,2,0.0,69.47
60,sub_032,ISRO Layout Substation,5,10.0,35666,1,3,2,0,2,0,0,0.0,68.95
61,sub_176,Doddabettahalli 66kV Substation,5,10.0,35627,1,6,4,0,4,1,1,0.0,68.42
62,sub_162,sub_162,5,10.0,35534,1,4,3,0,3,0,0,0.0,67.89
63,sub_166,"220/33kV GIS Sub Station, Central Silk Board",5,10.0,35460,1,21,18,0,18,2,2,0.0,67.37
64,sub_112,Rajajeshwari Nagar,5,10.0,35020,1,7,2,0,2,4,4,0.0,66.84
65,sub_060,Manduru,5,10.0,34677,1,4,2,0,2,1,1,0.0,66.32
66,sub_169,sub_169,2,4.0,34497,1,1,0,0,0,0,0,0.0,65.79
67,sub_145,sub_145,5,10.0,34191,1,4,3,0,3,0,0,0.0,65.26
68,sub_119,HSR Layout Substation,5,10.0,34113,1,14,11,0,11,2,2,0.0,64.74
69,sub_159,Brigade Tech Gardens Brookefield,5,10.0,33102,1,8,7,0,7,0,0,0.0,64.21
70,sub_164,sub_164,5,10.0,32928,1,8,4,0,4,3,3,0.0,63.68
71,sub_017,RMV Layout,5,10.0,32911,1,6,4,0,4,1,1,0.0,63.16
72,sub_133,Raheja Mansion Substation,5,10.0,32847,1,8,2,0,2,5,5,0.0,62.63
73,sub_175,Power Transformers  - PU,5,10.0,32846,1,3,2,0,2,0,0,0.0,62.11
74,sub_013,Gokula,2,4.0,32807,1,1,0,0,0,0,0,0.0,61.58
75,sub_052,sub_052,5,10.0,32472,1,4,2,0,2,1,1,0.0,61.05
76,sub_018,sub_018,2,4.0,31909,1,1,0,0,0,0,0,0.0,60.53
77,sub_014,Mattikere,5,10.0,31700,1,2,1,0,1,0,0,0.0,60.0
78,sub_178,sub_178,5,10.0,30935,1,9,7,0,7,1,1,0.0,59.47
79,sub_090,Brigade Gateway Substation,5,10.0,30872,1,5,4,0,4,0,0,0.0,58.95
80,sub_124,Chokkasandra,2,4.0,30654,1,1,0,0,0,0,0,0.0,58.42
81,sub_011,BESCOM Office,5,10.0,30541,1,29,24,0,24,4,4,0.0,57.89
82,sub_036,Vrishabavathi Valley,5,10.0,30293,1,3,1,0,1,1,1,0.0,57.37
83,sub_139,PLRD Electrict Yard,5,10.0,29966,1,3,2,0,2,0,0,0.0,56.84
84,sub_113,Vrishabavathi Valley Substation,5,10.0,29770,1,5,4,0,4,0,0,0.0,56.32
85,sub_057,sub_057,5,10.0,29654,1,10,9,0,9,0,0,0.0,55.79
86,sub_129,sub_129,5,10.0,29639,1,8,7,0,7,0,0,0.0,55.26
87,sub_174,Kambipura Substation,4,8.0,29453,1,2,0,0,0,1,1,0.0,54.74
88,sub_136,sub_136,2,4.0,29118,1,1,0,0,0,0,0,0.0,54.21
89,sub_024,EPIP Whitefield Substation,5,10.0,28673,1,4,2,0,2,1,1,0.0,53.68
90,sub_025,Nandhini Layout Substation,5,10.0,28622,1,14,12,0,12,1,1,0.0,53.16
91,sub_085,sub_085,5,10.0,28590,1,10,7,0,7,2,2,0.0,52.63
92,sub_186,Mathikere,5,10.0,28444,1,6,5,0,5,0,0,0.0,52.11
93,sub_185,sub_185,4,8.0,28384,1,2,0,0,0,1,1,0.0,51.58
94,sub_131,BMRCL RSS,5,10.0,28269,1,3,1,0,1,1,1,0.0,51.05
95,sub_106,REMCO,5,10.0,28202,1,2,1,0,1,0,0,0.0,50.53
96,sub_135,sub_135,2,4.0,27914,1,1,0,0,0,0,0,0.0,50.0
97,sub_134,ETV Substation,2,4.0,27723,1,1,0,0,0,0,0,0.0,49.47
98,sub_086,sub_086,5,10.0,27660,1,2,1,0,1,0,0,0.0,48.95
99,sub_094,sub_094,5,10.0,27620,1,5,4,0,4,0,0,0.0,48.42
100,sub_165,sub_165,5,10.0,27569,1,8,6,0,6,1,1,0.0,47.89
101,sub_132,ITPL,5,10.0,27376,1,6,4,0,4,1,1,0.0,47.37
102,sub_157,sub_157,5,10.0,26725,1,7,5,0,5,1,1,0.0,46.84
103,sub_120,Peenya Substation,2,4.0,26292,1,1,0,0,0,0,0,0.0,46.32
104,sub_007,sub_007,5,10.0,26231,1,17,16,0,16,0,0,0.0,45.79
105,sub_155,sub_155,5,10.0,26173,1,3,2,0,2,0,0,0.0,45.26
106,sub_100,Victoria Hospital Substation,5,10.0,26132,1,17,15,0,15,1,1,0.0,44.74
107,sub_001,sub_001,5,10.0,26024,1,16,14,0,14,1,1,0.0,44.21
108,sub_019,BESCOM Electrical Substation,5,10.0,25496,1,8,7,0,7,0,0,0.0,43.68
109,sub_123,sub_123,5,10.0,25397,1,10,7,0,7,2,2,0.0,43.16
110,sub_073,sub_073,5,10.0,25380,1,2,1,0,1,0,0,0.0,42.63
111,sub_098,sub_098,5,10.0,25300,1,3,2,0,2,0,0,0.0,42.11
112,sub_038,sub_038,5,10.0,25261,1,3,2,0,2,0,0,0.0,41.58
113,sub_122,sub_122,5,10.0,25118,1,8,5,0,5,2,2,0.0,41.05
114,sub_183,sub_183,5,10.0,24793,1,3,2,0,2,0,0,0.0,40.53
115,sub_108,ITC Substation,5,10.0,24353,1,4,3,0,3,0,0,0.0,40.0
116,sub_114,Manyata Substation,5,10.0,24263,1,4,3,0,3,0,0,0.0,39.47
117,sub_021,sub_021,5,10.0,24043,1,21,16,0,16,4,4,0.0,38.95
118,sub_189,sub_189,2,4.0,23915,1,1,0,0,0,0,0,0.0,38.42
119,sub_156,sub_156,5,10.0,23679,1,4,3,0,3,0,0,0.0,37.89
120,sub_070,Chandra Layout,5,10.0,23491,1,23,21,0,21,1,1,0.0,37.37
121,sub_140,sub_140,2,4.0,23392,1,1,0,0,0,0,0,0.0,36.84
122,sub_118,Naganathapura Substation,5,10.0,22915,1,5,4,0,4,0,0,0.0,36.32
123,sub_167,Anjanapura Substation,4,8.0,22453,1,2,0,0,0,1,1,0.0,35.79
124,sub_055,KPTCL Ramanagara Circle,2,4.0,22432,1,1,0,0,0,0,0,0.0,35.26
125,sub_071,Mahalakshmi Layout,5,10.0,22008,1,47,44,0,44,2,2,0.0,34.74
126,sub_137,sub_137,5,10.0,22005,1,2,1,0,1,0,0,0.0,34.21
127,sub_089,Pottery Road,5,10.0,21969,1,10,8,0,8,1,1,0.0,33.68
128,sub_097,KPTCL HMT Layout,5,10.0,21803,1,7,5,0,5,1,1,0.0,33.16
129,sub_051,sub_051,2,4.0,21182,1,1,0,0,0,0,0,0.0,32.63
130,sub_180,sub_180,2,4.0,21065,1,1,0,0,0,0,0,0.0,32.11
131,sub_141,sub_141,5,10.0,21050,1,7,4,0,4,2,2,0.0,31.58
132,sub_041,HMT,5,10.0,21035,1,3,1,0,1,1,1,0.0,31.05
133,sub_128,sub_128,5,10.0,20912,1,4,3,0,3,0,0,0.0,30.53
134,sub_144,sub_144,5,10.0,20742,1,4,3,0,3,0,0,0.0,30.0
135,sub_126,Sobha Dream Acres Substation,2,4.0,20457,1,1,0,0,0,0,0,0.0,29.47
136,sub_076,sub_076,5,10.0,20445,1,4,2,0,2,1,1,0.0,28.95
137,sub_138,Nagarbhavi KPTCL,5,10.0,19120,1,14,13,0,13,0,0,0.0,28.42
138,sub_111,Banashankari,5,10.0,18649,1,24,23,0,23,0,0,0.0,27.89
139,sub_008,sub_008,5,10.0,18463,1,7,6,0,6,0,0,0.0,27.37
140,sub_009,sub_009,5,10.0,18189,1,23,19,0,19,3,3,0.0,26.84
141,sub_110,Arehalli,5,10.0,18128,1,6,5,0,5,0,0,0.0,26.32
142,sub_104,National College Substation,5,10.0,17768,1,35,32,0,32,2,2,0.0,25.79
143,sub_095,L&T Substation,5,10.0,16800,1,8,7,0,7,0,0,0.0,25.26
144,sub_101,Telecom Layout Substation,5,10.0,16573,1,28,26,0,26,1,1,0.0,24.74
145,sub_170,MUSS NGEF,5,10.0,16364,1,5,1,0,1,3,3,0.0,24.21
146,sub_130,sub_130,5,10.0,16167,1,26,21,0,21,4,4,0.0,23.68
147,sub_149,Prestige Shantiniketan Substation,5,10.0,15953,1,3,2,0,2,0,0,0.0,23.16
148,sub_190,sub_190,5,10.0,15933,1,4,3,0,3,0,0,0.0,22.63
149,sub_053,HBR Layout,5,10.0,15930,1,14,11,0,11,2,2,0.0,22.11
150,sub_082,IISc MUSS,5,10.0,15856,1,12,5,0,5,6,6,0.0,21.58
151,sub_044,CPRI,5,10.0,15331,1,11,9,0,9,1,1,0.0,21.05
152,sub_031,Domasandra Substation,2,4.0,15185,1,1,0,0,0,0,0,0.0,20.53
153,sub_064,KPTCL Power substation,5,10.0,15161,1,3,2,0,2,0,0,0.0,20.0
154,sub_115,Vikas Tech Park Substation,2,4.0,15084,1,1,0,0,0,0,0,0.0,19.47
155,sub_147,Provident Sunworth Substation,2,4.0,14985,1,1,0,0,0,0,0,0.0,18.95
156,sub_002,sub_002,5,10.0,14717,1,22,18,0,18,3,3,0.0,18.42
157,sub_010,HSR Layout Substation,5,10.0,14698,1,3,2,0,2,0,0,0.0,17.89
158,sub_063,Koramangala Substation,5,10.0,14449,1,7,6,0,6,0,0,0.0,17.37
159,sub_068,Platinum City Power Station,5,10.0,14416,1,2,1,0,1,0,0,0.0,16.84
160,sub_004,sub_004,5,10.0,14140,1,2,1,0,1,0,0,0.0,16.32
161,sub_003,sub_003,5,10.0,13697,1,10,8,0,8,1,1,0.0,15.79
162,sub_172,Brindavan,5,10.0,13501,1,4,3,0,3,0,0,0.0,15.26
163,sub_080,sub_080,5,10.0,13250,1,3,2,0,2,0,0,0.0,14.74
164,sub_016,Adugodi Substation,5,10.0,13229,1,7,5,0,5,1,1,0.0,14.21
165,sub_046,Electric Sub-Station,5,10.0,13161,1,10,8,0,8,1,1,0.0,13.68
166,sub_188,sub_188,5,10.0,12980,1,5,3,0,3,1,1,0.0,13.16
167,sub_087,sub_087,4,8.0,12754,1,3,0,0,0,2,2,0.0,12.63
168,sub_020,East Division Compound,5,10.0,12679,1,4,2,0,2,1,1,0.0,12.11
169,sub_047,A Station,5,10.0,12535,1,19,16,0,16,2,2,0.0,11.58
170,sub_081,C Station,5,10.0,12453,1,28,22,0,22,5,5,0.0,11.05
171,sub_160,sub_160,5,10.0,12209,1,6,3,0,3,2,2,0.0,10.53
172,sub_056,sub_056,5,10.0,11858,1,2,1,0,1,0,0,0.0,10.0
173,sub_023,NIMHANS Substation,5,10.0,11665,1,8,7,0,7,0,0,0.0,9.47
174,sub_062,Austin Town Substation,5,10.0,11550,1,11,9,0,9,1,1,0.0,8.95
175,sub_099,Kanteerava Stadium,5,10.0,11329,1,16,15,0,15,0,0,0.0,8.42
176,sub_078,Banaswadi Substation,5,10.0,11286,1,45,40,0,40,4,4,0.0,7.89
177,sub_015,Hoodi Substation,5,10.0,11003,1,5,4,0,4,0,0,0.0,7.37
178,sub_179,sub_179,2,4.0,10638,1,1,0,0,0,0,0,0.0,6.84
179,sub_107,East Division Compound,2,4.0,10614,1,1,0,0,0,0,0,0.0,6.32
180,sub_083,Khodays Glass Factory Substation,4,8.0,10604,1,3,0,0,0,2,2,0.0,5.79
181,sub_005,sub_005,5,10.0,9739,1,7,6,0,6,0,0,0.0,5.26
182,sub_054,sub_054,5,10.0,9378,1,6,2,0,2,3,3,0.0,4.74
183,sub_163,sub_163,5,10.0,9280,1,2,1,0,1,0,0,0.0,4.21
184,sub_177,sub_177,5,10.0,9270,1,4,3,0,3,0,0,0.0,3.68
185,sub_069,Soladevanahalli,5,10.0,8967,1,4,1,0,1,2,2,0.0,3.16
186,sub_034,Subramanyapura Substation,5,10.0,8752,1,2,1,0,1,0,0,0.0,2.63
187,sub_103,Srigandhakavalu,5,10.0,8633,1,9,6,0,6,2,2,0.0,2.11
188,sub_146,Prestige Tech Forest Substation,5,10.0,8363,1,8,7,0,7,0,0,0.0,1.58
189,sub_127,sub_127,5,10.0,8110,1,4,3,0,3,0,0,0.0,1.05
190,sub_043,Sahakar Nagara,5,10.0,8037,1,3,1,0,1,1,1,0.0,0.53
